param_name,biome,criteria,variable,measure,ssp_rank,ssp_range,pi_rank,pi_range,diff_range,diff_rank
medlynintercept,global,FCTR_IAV_global,FCTR,iav,1,0.196582699880454,3,0.0970557282613305,0.09952697161912348,1
fff,global,FCTR_IAV_global,FCTR,iav,10,0.0494196529400801,2,0.1322314067826722,0.0828117538425921,2
tpuse_sf,global,FCTR_IAV_global,FCTR,iav,3,0.0936520346497832,28,0.0341549510713938,0.05949708357838939,3
wc2wjb0,global,FCTR_IAV_global,FCTR,iav,19,0.0372948023423039,4,0.0933692280880243,0.05607442574572039,4
KCN,global,FCTR_IAV_global,FCTR,iav,122,0.0032016514802794,15,0.0565571806502538,0.0533555291699744,5
kmax,global,FCTR_IAV_global,FCTR,iav,2,0.1030877860557619,1,0.1499442022943728,0.04685641623861091,6
jmaxb1,global,FCTR_IAV_global,FCTR,iav,24,0.0251376045632223,12,0.0608473444782048,0.0357097399149825,7
cpha,global,FCTR_IAV_global,FCTR,iav,61,0.0098267154420313,20,0.0438249901347509,0.0339982746927196,8
theta_cj,global,FCTR_IAV_global,FCTR,iav,23,0.0253721490978167,14,0.058792841319147,0.0334206922213303,9
maximum_leaf_wetted_fraction,global,FCTR_IAV_global,FCTR,iav,16,0.0414986398639327,8,0.0747812663540604,0.033282626490127705,10
kn_nonmyc,global,FCTR_IAV_global,FCTR,iav,83,0.006918637480519,22,0.0395991456697875,0.0326805081892685,11
kcha,global,FCTR_IAV_global,FCTR,iav,8,0.0567326422757714,39,0.0252382938025894,0.031494348473182,12
jmaxb0,global,FCTR_IAV_global,FCTR,iav,6,0.0619115687396932,5,0.0931015389466534,0.031189970206960203,13
tau_l2_l3,global,FCTR_IAV_global,FCTR,iav,18,0.039343780890419,81,0.009602457463654,0.029741323426765,14
frac_sat_soil_dsl_init,global,FCTR_IAV_global,FCTR,iav,143,0.0020885781430702,30,0.030856093415935,0.0287675152728648,15
lmr_intercept_atkin,global,FCTR_IAV_global,FCTR,iav,46,0.0123532881858779,21,0.0410540574575944,0.028700769271716497,16
frootcn,global,FCTR_IAV_global,FCTR,iav,161,0.0012760233416115,32,0.0297963139514834,0.0285202906098719,17
cp25_yr2000,global,FCTR_IAV_global,FCTR,iav,78,0.007769177404563,24,0.0357636313996517,0.027994453995088698,18
leafcn,global,FCTR_IAV_global,FCTR,iav,17,0.0398411892384836,10,0.0659277753463344,0.0260865861078508,19
rf_l2s1_bgc,global,FCTR_IAV_global,FCTR,iav,120,0.0032911149145541,33,0.0289410960773859,0.0256499811628318,20
rootprof_beta,global,FCTR_IAV_global,FCTR,iav,12,0.04747110198185,41,0.022828219257309,0.024642882724540998,21
vcmaxhd,global,FCTR_IAV_global,FCTR,iav,9,0.0547913635665747,7,0.078992440537196,0.024201076970621294,22
tpu25ratio,global,FCTR_IAV_global,FCTR,iav,97,0.0049971847265183,34,0.0288826074691003,0.023885422742582,23
psi50,global,FCTR_IAV_global,FCTR,iav,27,0.0210381253501269,19,0.0439434347910867,0.0229053094409598,24
nstem,global,FCTR_IAV_global,FCTR,iav,44,0.0126209424522069,27,0.034858080947099,0.022237138494892103,25
fnps,global,FCTR_IAV_global,FCTR,iav,87,0.0067250353218098,37,0.0283294898374411,0.021604454515631297,26
om_frac_sf,global,FCTR_IAV_global,FCTR,iav,144,0.0020719694080112,40,0.0236654874523705,0.0215935180443593,27
sand_pf,global,FCTR_IAV_global,FCTR,iav,31,0.0176151976921777,23,0.0381223573837601,0.020507159691582403,28
grperc,global,FCTR_IAV_global,FCTR,iav,113,0.0035766800167918,43,0.0222386044405243,0.0186619244237325,29
ko25_coef,global,FCTR_IAV_global,FCTR,iav,156,0.0014721237918539,46,0.019998143004855,0.0185260192130011,30
rh_low,global,FCTR_IAV_global,FCTR,iav,181,0.0005589989453201,53,0.0166251782828213,0.016066179337501197,31
rhosvis,global,FCTR_IAV_global,FCTR,iav,103,0.0043260678328314,48,0.0193466059525208,0.0150205381196894,32
rh_hgh,global,FCTR_IAV_global,FCTR,iav,145,0.0020602616906639,52,0.016976196639287,0.0149159349486231,33
vcmaxha,global,FCTR_IAV_global,FCTR,iav,13,0.0445648284198378,13,0.0588491210099012,0.014284292590063405,34
krmax,global,FCTR_IAV_global,FCTR,iav,5,0.0686523083043428,6,0.0828918844059652,0.014239576101622409,35
liq_canopy_storage_scalar,global,FCTR_IAV_global,FCTR,iav,20,0.0335641367939183,16,0.0475509468172455,0.013986810023327197,36
rholvis,global,FCTR_IAV_global,FCTR,iav,178,0.0006277497860249,56,0.0146063735028753,0.0139786237168504,37
upplim_destruct_metamorph,global,FCTR_IAV_global,FCTR,iav,34,0.016756665739737,31,0.0298091282296808,0.013052462489943798,38
leaf_long,global,FCTR_IAV_global,FCTR,iav,21,0.0313768567744208,18,0.0441891085893193,0.0128122518148985,39
lmrha,global,FCTR_IAV_global,FCTR,iav,29,0.0184049726359062,104,0.0059515459548157,0.0124534266810905,40
lmrhd,global,FCTR_IAV_global,FCTR,iav,68,0.0094247802005766,45,0.0216403228882487,0.012215542687672101,41
denitrif_respiration_coefficient,global,FCTR_IAV_global,FCTR,iav,168,0.0010502920927099,59,0.0131024227237149,0.012052130631005,42
relhExp,global,FCTR_IAV_global,FCTR,iav,43,0.0130637138654333,162,0.0014607799443471,0.011602933921086201,43
k_nitr_max_perday,global,FCTR_IAV_global,FCTR,iav,147,0.0019710199044635,58,0.0135397301618722,0.0115687102574087,44
jmaxhd,global,FCTR_IAV_global,FCTR,iav,36,0.0162843340559938,38,0.0277656739263151,0.011481339870321298,45
n_baseflow,global,FCTR_IAV_global,FCTR,iav,115,0.0035048694392278,55,0.0149860354366097,0.0114811659973819,46
som_diffus,global,FCTR_IAV_global,FCTR,iav,26,0.0213568822443335,76,0.0100575210756341,0.011299361168699399,47
fsr_pft,global,FCTR_IAV_global,FCTR,iav,33,0.0169159954603376,105,0.005909246228386,0.0110067492319516,48
dleaf,global,FCTR_IAV_global,FCTR,iav,15,0.0436344238683366,29,0.032640141095947,0.010994282772389605,49
vcmaxse_sf,global,FCTR_IAV_global,FCTR,iav,7,0.0571389047828995,9,0.0678570842114337,0.010718179428534202,50
theta_psii,global,FCTR_IAV_global,FCTR,iav,51,0.0115943110201068,42,0.0222804809526194,0.010686169932512599,51
wind_snowcompact_fact,global,FCTR_IAV_global,FCTR,iav,169,0.0009416374822127,66,0.0114940442518505,0.0105524067696378,52
rf_l3s2_bgc,global,FCTR_IAV_global,FCTR,iav,77,0.0078690820697772,49,0.0183864828770662,0.010517400807289,53
freelivfix_slope_wet,global,FCTR_IAV_global,FCTR,iav,177,0.0006454209861112,69,0.010860484420598,0.010215063434486799,54
tau_s3,global,FCTR_IAV_global,FCTR,iav,57,0.0105566197001903,182,0.0003685525007716,0.010188067199418699,55
tau_l1,global,FCTR_IAV_global,FCTR,iav,162,0.0012644035475147,71,0.0107003907492764,0.009435987201761701,56
froot_leaf,global,FCTR_IAV_global,FCTR,iav,45,0.012532810313612,44,0.0219534490666798,0.009420638753067801,57
decomp_depth_efolding,global,FCTR_IAV_global,FCTR,iav,39,0.0138390274059586,120,0.0045638399023612,0.0092751875035974,58
ufuel,global,FCTR_IAV_global,FCTR,iav,37,0.0153779889401786,103,0.0063539850599308,0.009024003880247801,59
FUN_fracfixers,global,FCTR_IAV_global,FCTR,iav,14,0.0443573170231544,25,0.0356352231336727,0.008722093889481704,60
tpuha,global,FCTR_IAV_global,FCTR,iav,89,0.0064764536877028,54,0.0151272825735678,0.008650828885864999,61
lmrse,global,FCTR_IAV_global,FCTR,iav,28,0.0196993759086806,36,0.0283440873515184,0.0086447114428378,62
koha,global,FCTR_IAV_global,FCTR,iav,72,0.0089642493549815,183,0.0003522599414201,0.008611989413561399,63
csoilc,global,FCTR_IAV_global,FCTR,iav,62,0.009764631860183,166,0.0013190010818521,0.0084456307783309,64
medlynslope,global,FCTR_IAV_global,FCTR,iav,4,0.0737853832258857,11,0.0655643631840072,0.008221020041878496,65
fun_cn_flex_c,global,FCTR_IAV_global,FCTR,iav,74,0.0086329106078867,177,0.0005761584227315,0.0080567521851552,66
e_ice,global,FCTR_IAV_global,FCTR,iav,96,0.0050212856496067,61,0.0125802504515805,0.0075589648019737995,67
pot_hmn_ign_counts_alpha,global,FCTR_IAV_global,FCTR,iav,65,0.0096194310080445,51,0.0171105239663527,0.007491092958308201,68
denitrif_nitrateconc_exponent,global,FCTR_IAV_global,FCTR,iav,129,0.0028291456976499,75,0.0102357549986984,0.0074066093010485,69
fd_pft,global,FCTR_IAV_global,FCTR,iav,30,0.0183574859726119,67,0.0110244793506593,0.0073330066219526,70
fbw,global,FCTR_IAV_global,FCTR,iav,159,0.001403922501647,84,0.0084747711246441,0.0070708486229970995,71
FR,global,FCTR_IAV_global,FCTR,iav,56,0.0108536510320656,127,0.0037926878695718,0.007060963162493801,72
baseflow_scalar,global,FCTR_IAV_global,FCTR,iav,25,0.0217653352412459,35,0.0286289246300696,0.006863589388823702,73
zlnd,global,FCTR_IAV_global,FCTR,iav,53,0.0112267370203128,122,0.004390555316989,0.0068361817033238004,74
zetamaxstable,global,FCTR_IAV_global,FCTR,iav,64,0.0096462158601812,140,0.0028600975911252,0.006786118269056,75
jmaxha,global,FCTR_IAV_global,FCTR,iav,49,0.0118648933512385,111,0.0050974510207855,0.006767442330452999,76
rhosnir,global,FCTR_IAV_global,FCTR,iav,167,0.001054673665684,90,0.0076962086494998,0.0066415349838158,77
accum_factor,global,FCTR_IAV_global,FCTR,iav,80,0.0076304049876256,171,0.0010528702385277,0.0065775347490978995,78
cv,global,FCTR_IAV_global,FCTR,iav,22,0.02908265397419,26,0.0354158544663163,0.006333200492126302,79
displar,global,FCTR_IAV_global,FCTR,iav,153,0.0017140213374632,88,0.007771656555936,0.0060576352184728,80
q10_mr,global,FCTR_IAV_global,FCTR,iav,112,0.0036249282051897,79,0.0096478654630381,0.0060229372578484,81
kc25_coef,global,FCTR_IAV_global,FCTR,iav,52,0.0112701123217121,109,0.0053614860473027,0.0059086262744094,82
snowcan_unload_temp_fact,global,FCTR_IAV_global,FCTR,iav,160,0.0013558458352915,91,0.0071675626364139,0.005811716801122399,83
r_mort,global,FCTR_IAV_global,FCTR,iav,69,0.0092571397348505,131,0.0035609160878455,0.005696223647004999,84
slatop,global,FCTR_IAV_global,FCTR,iav,126,0.0029011985950395,86,0.0084047809383928,0.0055035823433533,85
cc_leaf,global,FCTR_IAV_global,FCTR,iav,84,0.0068922592886992,64,0.0119569615370619,0.0050647022483627,86
zsno,global,FCTR_IAV_global,FCTR,iav,32,0.0169924168618315,63,0.0120491463761938,0.004943270485637698,87
aq_sp_yield_min,global,FCTR_IAV_global,FCTR,iav,175,0.0007543648189916,107,0.0056280827201455,0.0048737179011539,88
cc_other,global,FCTR_IAV_global,FCTR,iav,81,0.0076093266405673,143,0.0027396861921694,0.0048696404483979,89
rho_max,global,FCTR_IAV_global,FCTR,iav,88,0.0064920070091029,156,0.001661888686737,0.0048301183223659,90
snowcan_unload_wind_fact,global,FCTR_IAV_global,FCTR,iav,91,0.0063341795820456,158,0.0015609820975909,0.0047731974844547,91
csol_sand,global,FCTR_IAV_global,FCTR,iav,151,0.0017647852152987,102,0.0064025250084616,0.0046377397931629,92
minrelh,global,FCTR_IAV_global,FCTR,iav,137,0.0024874874898365,92,0.0070309161133911,0.004543428623554601,93
rf_s2s3_bgc,global,FCTR_IAV_global,FCTR,iav,188,7.421517804861999e-05,119,0.0045804396312472,0.00450622445319858,94
cmb_cmplt_fact_litter,global,FCTR_IAV_global,FCTR,iav,176,0.0006628021708048,112,0.0050682374455887,0.004405435274783901,95
slopemax,global,FCTR_IAV_global,FCTR,iav,42,0.0131299501533548,83,0.0088433345043793,0.004286615648975501,96
pc,global,FCTR_IAV_global,FCTR,iav,60,0.0099684507128342,106,0.0056857046697912,0.004282746043043,97
pd,global,FCTR_IAV_global,FCTR,iav,105,0.0042256126937516,191,7.107870641787084e-06,0.004218504823109813,98
wood_density,global,FCTR_IAV_global,FCTR,iav,132,0.0027432470088035,94,0.0069307278797993,0.0041874808709958,99
tpuhd,global,FCTR_IAV_global,FCTR,iav,73,0.008668674257718,60,0.0127992034424951,0.004130529184777101,100
cc_dstem,global,FCTR_IAV_global,FCTR,iav,58,0.0105419203191601,101,0.0064168864461096,0.004125033873050499,101
rholnir,global,FCTR_IAV_global,FCTR,iav,92,0.0056383642272391,80,0.0096175054024557,0.003979141175216601,102
denitrif_nitrateconc_coefficient,global,FCTR_IAV_global,FCTR,iav,67,0.0094499370533753,108,0.0055674063803588,0.0038825306730164997,103
ndays_off,global,FCTR_IAV_global,FCTR,iav,50,0.011637063424067,89,0.0077551689086449,0.0038818945154220994,104
lai_dl,global,FCTR_IAV_global,FCTR,iav,187,0.0002630147475199,126,0.0038280905247442,0.0035650757772243,105
taulvis,global,FCTR_IAV_global,FCTR,iav,123,0.0031805759444301,96,0.006739358174861,0.0035587822304309,106
csol_om,global,FCTR_IAV_global,FCTR,iav,102,0.0045399026733135,169,0.0010732267684008,0.0034666759049126997,107
interception_fraction,global,FCTR_IAV_global,FCTR,iav,40,0.0132666198426444,77,0.0098141003103401,0.0034525195323043007,108
freelivfix_intercept,global,FCTR_IAV_global,FCTR,iav,108,0.0040798573852681,175,0.0007377549710776,0.0033421024141904996,109
fun_cn_flex_a,global,FCTR_IAV_global,FCTR,iav,152,0.0017408466932054,113,0.0050422517123667,0.0033014050191612996,110
fm_lroot,global,FCTR_IAV_global,FCTR,iav,124,0.0031585665220845,189,3.9635575198482265e-05,0.0031189309468860177,111
lfuel,global,FCTR_IAV_global,FCTR,iav,117,0.0033649962805905,186,0.0002572024043889,0.0031077938762015997,112
tausvis,global,FCTR_IAV_global,FCTR,iav,99,0.004658938052973,159,0.0015537244813089,0.0031052135716640996,113
ndays_on,global,FCTR_IAV_global,FCTR,iav,116,0.0034692869213746,100,0.0065431935378302,0.0030739066164555996,114
drift_gs,global,FCTR_IAV_global,FCTR,iav,114,0.0035683147712586,179,0.0005166306225006,0.0030516841487579997,115
cryoturb_diffusion_k,global,FCTR_IAV_global,FCTR,iav,146,0.0019783956560929,114,0.0049932385018351,0.0030148428457422,116
fm_leaf,global,FCTR_IAV_global,FCTR,iav,128,0.0028863382359411,190,1.643911932014408e-05,0.002869899116620956,117
z0mr,global,FCTR_IAV_global,FCTR,iav,66,0.009583290406097,62,0.0124077416690179,0.0028244512629209007,118
minpsi_hr,global,FCTR_IAV_global,FCTR,iav,38,0.0147631674345508,50,0.0175649555172905,0.0028017880827396983,119
rf_l1s1_bgc,global,FCTR_IAV_global,FCTR,iav,35,0.0167191934041935,47,0.0194913765208387,0.0027721831166452014,120
ck,global,FCTR_IAV_global,FCTR,iav,148,0.0019156199111708,116,0.0046828710169721,0.0027672511058013,121
enzyme_turnover_daily,global,FCTR_IAV_global,FCTR,iav,158,0.0014392059425415,124,0.0041075266466559,0.0026683207041144,122
xdrdt,global,FCTR_IAV_global,FCTR,iav,70,0.0091117757404973,65,0.0117647936744707,0.002653017933973401,123
snw_rds_refrz,global,FCTR_IAV_global,FCTR,iav,41,0.0131758838722484,74,0.0105650452367628,0.002610838635485599,124
snow_canopy_storage_scalar,global,FCTR_IAV_global,FCTR,iav,192,7.241551797099177e-07,146,0.0026085813338466,0.00260785717866689,125
ignition_efficiency,global,FCTR_IAV_global,FCTR,iav,82,0.0071796489876419,118,0.0046589906747105,0.0025206583129314,126
kp25ratio,global,FCTR_IAV_global,FCTR,iav,109,0.0040583673144322,99,0.0065573704271718,0.0024990031127396003,127
csol_clay,global,FCTR_IAV_global,FCTR,iav,119,0.0033142008169511,174,0.0008490994842636,0.0024651013326875,128
n_melt_coef,global,FCTR_IAV_global,FCTR,iav,101,0.0046373376349799,150,0.0022732698904024,0.0023640677445775004,129
wind_min,global,FCTR_IAV_global,FCTR,iav,86,0.0067796307311118,121,0.0044581934310355,0.0023214373000762997,130
a_coef,global,FCTR_IAV_global,FCTR,iav,165,0.0011484075707323,134,0.0034222852360284,0.0022738776652961,131
fm_lstem,global,FCTR_IAV_global,FCTR,iav,179,0.0005906562391003,142,0.002806151726055,0.0022154954869547,132
mu,global,FCTR_IAV_global,FCTR,iav,135,0.002627142431159,178,0.0005605513889229,0.0020665910422360996,133
zbedrock_sf,global,FCTR_IAV_global,FCTR,iav,180,0.0005778670322069,145,0.0026390120037247,0.0020611449715178,134
fm_droot,global,FCTR_IAV_global,FCTR,iav,134,0.0027180822216721,176,0.0006976563791945,0.0020204258424776,135
denitrif_respiration_exponent,global,FCTR_IAV_global,FCTR,iav,75,0.0086237359723435,73,0.0106353567968892,0.0020116208245457012,136
jmaxse_sf,global,FCTR_IAV_global,FCTR,iav,11,0.0479538305315056,17,0.045982466921399,0.001971363610106601,137
clay_pf,global,FCTR_IAV_global,FCTR,iav,71,0.0089751760439517,70,0.0108573606545734,0.001882184610621701,138
jmax25top_sf,global,FCTR_IAV_global,FCTR,iav,138,0.0023146426900835,123,0.004172177743572,0.0018575350534885,139
tau_cwd,global,FCTR_IAV_global,FCTR,iav,104,0.0043007340106533,147,0.0024761657264245,0.0018245682842287997,140
cmb_cmplt_fact_cwd,global,FCTR_IAV_global,FCTR,iav,190,1.5524940979338986e-05,153,0.0018087331388687,0.001793208197889361,141
br_root,global,FCTR_IAV_global,FCTR,iav,107,0.0040904188866508,148,0.0023900027419773,0.0017004161446735,142
C2_liq_Brun89,global,FCTR_IAV_global,FCTR,iav,121,0.0032194601479839,161,0.0015236873838743,0.0016957727641095997,143
xl,global,FCTR_IAV_global,FCTR,iav,90,0.0063590915793135,117,0.0046641148762848,0.0016949767030286994,144
tkd_om,global,FCTR_IAV_global,FCTR,iav,111,0.0037306318518468,110,0.0053396700578718,0.0016090382060249997,145
kc_nonmyc,global,FCTR_IAV_global,FCTR,iav,55,0.0109535552948386,82,0.0093827979871854,0.0015707573076532005,146
a_exp,global,FCTR_IAV_global,FCTR,iav,95,0.0051040828520929,98,0.0066428456176468,0.0015387627655538997,147
taulnir,global,FCTR_IAV_global,FCTR,iav,48,0.0121820622288507,72,0.0106695124989062,0.0015125497299444991,148
tau_s1,global,FCTR_IAV_global,FCTR,iav,47,0.0122407628288432,57,0.0137420607386812,0.0015012979098380005,149
stem_leaf,global,FCTR_IAV_global,FCTR,iav,76,0.008407458066805,95,0.0069063440451038,0.0015011140217012003,150
cn_s3_bgc,global,FCTR_IAV_global,FCTR,iav,94,0.0052593817111905,97,0.006710373560389,0.0014509918491985001,151
z_dl,global,FCTR_IAV_global,FCTR,iav,125,0.0030712023133878,155,0.0017018644259012,0.0013693378874866,152
maxpsi_hr,global,FCTR_IAV_global,FCTR,iav,63,0.0097307610318477,85,0.0084202414175095,0.0013105196143382014,153
max_altdepth_cryoturbation,global,FCTR_IAV_global,FCTR,iav,173,0.0008090673196949,151,0.0020935627544347,0.0012844954347397998,154
cc_lstem,global,FCTR_IAV_global,FCTR,iav,130,0.0027985812680358,125,0.0040727135039068,0.0012741322358710006,155
CWD,global,FCTR_IAV_global,FCTR,iav,106,0.004092692211692,139,0.0028691369550369,0.0012235552566551003,156
rstem,global,FCTR_IAV_global,FCTR,iav,150,0.0017941342569577,138,0.0029846219420738,0.0011904876851160998,157
rf_s2s1_bgc,global,FCTR_IAV_global,FCTR,iav,139,0.0022527044850338,133,0.0034333727077712,0.0011806682227373999,158
luna_theta_cj,global,FCTR_IAV_global,FCTR,iav,142,0.0021636117957068,135,0.0033374251763529,0.0011738133806460998,159
tausnir,global,FCTR_IAV_global,FCTR,iav,98,0.0048099103891137,130,0.0036467328867136,0.0011631775024001003,160
scvng_fct_mlt_sf,global,FCTR_IAV_global,FCTR,iav,163,0.0012571179615911,149,0.0023439365930361,0.0010868186314449998,161
flivewd,global,FCTR_IAV_global,FCTR,iav,171,0.0009302253117832,152,0.0019684464423143,0.0010382211305311002,162
tkm_om,global,FCTR_IAV_global,FCTR,iav,164,0.0011760460255035,187,0.000155628316884,0.0010204177086195,163
occur_hi_gdp_tree,global,FCTR_IAV_global,FCTR,iav,131,0.0027498289053835,154,0.0017436312059627,0.0010061976994208,164
lwtop_ann,global,FCTR_IAV_global,FCTR,iav,100,0.0046538209603734,128,0.0037427807112486,0.0009110402491247999,165
Q10,global,FCTR_IAV_global,FCTR,iav,149,0.0019122698673034,170,0.0010563661284557,0.0008559037388476999,166
tkd_clay,global,FCTR_IAV_global,FCTR,iav,141,0.002204591190735,165,0.0013715448550058,0.0008330463357291999,167
ekn_active,global,FCTR_IAV_global,FCTR,iav,185,0.0003505463056027,168,0.0011387605935375,0.0007882142879347999,168
ekc_active,global,FCTR_IAV_global,FCTR,iav,127,0.0028937921564702,129,0.0036759784440539,0.0007821862875836997,169
ssi,global,FCTR_IAV_global,FCTR,iav,136,0.0025515192842885,136,0.0033332563152667,0.0007817370309781998,170
slopebeta,global,FCTR_IAV_global,FCTR,iav,110,0.0037583399893602,137,0.0030148844573176,0.0007434555320426002,171
tau_ref,global,FCTR_IAV_global,FCTR,iav,170,0.0009409600473834,157,0.0016504301437585,0.0007094700963751,172
eta0_vionnet,global,FCTR_IAV_global,FCTR,iav,182,0.0005573704709557,167,0.0011626946448198,0.0006053241738641,173
tau_s2,global,FCTR_IAV_global,FCTR,iav,174,0.0007766697053417,164,0.0013816756751062,0.0006050059697645001,174
d_max,global,FCTR_IAV_global,FCTR,iav,59,0.0102670506503227,78,0.0096705862685515,0.0005964643817711994,175
prh30,global,FCTR_IAV_global,FCTR,iav,155,0.0015467144584434,173,0.0010197824110173,0.0005269320474261001,176
LF,global,FCTR_IAV_global,FCTR,iav,93,0.0053539073141983,115,0.0048357763072234,0.0005181310069748996,177
croot_stem,global,FCTR_IAV_global,FCTR,iav,140,0.002232320775249,144,0.0026947636865663,0.00046244291131730024,178
rf_s3s1_bgc,global,FCTR_IAV_global,FCTR,iav,172,0.0008393112775349,181,0.0003886864100691,0.00045062486746580004,179
wimp,global,FCTR_IAV_global,FCTR,iav,154,0.0016697599350843,163,0.0014233940049282,0.00024636593015610006,180
akn_active,global,FCTR_IAV_global,FCTR,iav,85,0.0068214090958209,93,0.0069500681908276,0.00012865909500669927,181
tkd_sand,global,FCTR_IAV_global,FCTR,iav,183,0.0004438230353762,184,0.0003193461136601,0.00012447692171609997,182
fm_root,global,FCTR_IAV_global,FCTR,iav,118,0.0033640305704648,132,0.0034817411131561,0.00011771054269129992,183
ceta,global,FCTR_IAV_global,FCTR,iav,184,0.0003781753404169,180,0.0004817435308316,0.00010356819041470002,184
cropfire_a1,global,FCTR_IAV_global,FCTR,iav,166,0.0011305127246178,172,0.0010435403559745,8.697236864329996e-05,185
akc_active,global,FCTR_IAV_global,FCTR,iav,133,0.0027338792625417,141,0.0028192017435978,8.532248105609999e-05,186
br_mr,global,FCTR_IAV_global,FCTR,iav,157,0.0014665565954989,160,0.001547971550456,8.141495495710008e-05,187
fun_cn_flex_b,global,FCTR_IAV_global,FCTR,iav,79,0.0077499559808006,87,0.0078016397714956,5.168379069500021e-05,188
fm_other,global,FCTR_IAV_global,FCTR,iav,186,0.0003277781014118,185,0.000318155668144,9.622433267799985e-06,189
theta_ip,global,FCTR_IAV_global,FCTR,iav,54,0.0110156116022395,68,0.0110231050237719,7.493421532400041e-06,190
boreal_peatfire_c,global,FCTR_IAV_global,FCTR,iav,189,4.9555398038803045e-05,188,4.465583592361266e-05,4.899562115190388e-06,191
non_boreal_peatfire_c,global,FCTR_IAV_global,FCTR,iav,191,1.5065046078399646e-06,192,1.493137086305829e-06,1.3367521534135562e-08,192
max_altmultiplier_cryoturb,global,FCTR_IAV_global,FCTR,iav,193,0.0,193,0.0,0.0,193
medlynintercept,global,FCTR_MEAN_global,FCTR,mean,1,11.739438742259452,3,5.867885327396088,5.871553414863364,1
tpuse_sf,global,FCTR_MEAN_global,FCTR,mean,4,3.5684396967052248,86,0.1044933709453843,3.4639463257598404,2
kmax,global,FCTR_MEAN_global,FCTR,mean,3,5.07469098675352,1,8.17071436469411,3.0960233779405897,3
krmax,global,FCTR_MEAN_global,FCTR,mean,17,1.7388069277710656,8,3.8008811577899912,2.0620742300189256,4
jmaxb0,global,FCTR_MEAN_global,FCTR,mean,9,2.4244251632599543,5,4.243050693017306,1.8186255297573517,5
wc2wjb0,global,FCTR_MEAN_global,FCTR,mean,13,1.9226458176290464,9,3.701425825830075,1.7787800082010286,6
leaf_long,global,FCTR_MEAN_global,FCTR,mean,63,0.2183328587594459,20,1.7394711634203084,1.5211383046608624,7
jmaxb1,global,FCTR_MEAN_global,FCTR,mean,11,2.12969476207806,10,3.592693995298614,1.462999233220554,8
psi50,global,FCTR_MEAN_global,FCTR,mean,18,1.6395923899528526,12,3.040969013368173,1.4013766234153202,9
theta_cj,global,FCTR_MEAN_global,FCTR,mean,15,1.8050530255734003,11,3.1897069424177147,1.3846539168443144,10
fff,global,FCTR_MEAN_global,FCTR,mean,8,2.6411126943355825,7,4.0034342580685625,1.36232156373298,11
leafcn,global,FCTR_MEAN_global,FCTR,mean,7,2.9421677792909016,6,4.146271557856736,1.2041037785658348,12
lmr_intercept_atkin,global,FCTR_MEAN_global,FCTR,mean,32,0.6399559626230271,19,1.7536959360714448,1.1137399734484177,13
nstem,global,FCTR_MEAN_global,FCTR,mean,36,0.5424410974179139,21,1.6213333106418304,1.0788922132239165,14
KCN,global,FCTR_MEAN_global,FCTR,mean,25,0.8971398758963609,17,1.947851410942484,1.0507115350461231,15
lmrha,global,FCTR_MEAN_global,FCTR,mean,62,0.2194615063204388,25,1.2057695050112436,0.9863079986908048,16
maximum_leaf_wetted_fraction,global,FCTR_MEAN_global,FCTR,mean,5,3.4470038529750866,4,4.408501126589297,0.96149727361421,17
cp25_yr2000,global,FCTR_MEAN_global,FCTR,mean,39,0.3925772018386269,24,1.3015745873900926,0.9089973855514657,18
kn_nonmyc,global,FCTR_MEAN_global,FCTR,mean,33,0.6332125115257021,22,1.4949157782681477,0.8617032667424456,19
jmaxhd,global,FCTR_MEAN_global,FCTR,mean,22,1.0319146043191303,75,0.1818678115946284,0.8500467927245019,20
jmaxha,global,FCTR_MEAN_global,FCTR,mean,92,0.0752923440913306,30,0.825503756599332,0.7502114125080014,21
slatop,global,FCTR_MEAN_global,FCTR,mean,28,0.762276722441424,150,0.0159844202829297,0.7462923021584943,22
jmaxse_sf,global,FCTR_MEAN_global,FCTR,mean,23,1.0214393117188756,61,0.2797541229280504,0.7416851887908251,23
freelivfix_slope_wet,global,FCTR_MEAN_global,FCTR,mean,67,0.184107711632965,29,0.9242502296725056,0.7401425180395406,24
sand_pf,global,FCTR_MEAN_global,FCTR,mean,88,0.0933435289107293,31,0.8223331502538258,0.7289896213430965,25
d_max,global,FCTR_MEAN_global,FCTR,mean,14,1.8481200147291403,13,2.5690398971441795,0.7209198824150391,26
stem_leaf,global,FCTR_MEAN_global,FCTR,mean,94,0.0657446246062853,34,0.7577852663829816,0.6920406417766963,27
frac_sat_soil_dsl_init,global,FCTR_MEAN_global,FCTR,mean,16,1.7395547529472353,15,2.3974485581543235,0.6578938052070882,28
cv,global,FCTR_MEAN_global,FCTR,mean,24,0.9172789685391508,56,0.3069065636717312,0.6103724048674196,29
froot_leaf,global,FCTR_MEAN_global,FCTR,mean,107,0.0465927124604448,39,0.6296117607980847,0.5830190483376398,30
grperc,global,FCTR_MEAN_global,FCTR,mean,130,0.0221469880491547,42,0.6006466381379205,0.5784996500887658,31
liq_canopy_storage_scalar,global,FCTR_MEAN_global,FCTR,mean,6,2.990033549685087,14,2.431725899369386,0.558307650315701,32
interception_fraction,global,FCTR_MEAN_global,FCTR,mean,29,0.7606830560544857,64,0.2488111552003182,0.5118719008541674,33
frootcn,global,FCTR_MEAN_global,FCTR,mean,74,0.1561696152833604,41,0.6187468486941867,0.46257723341082635,34
cpha,global,FCTR_MEAN_global,FCTR,mean,58,0.2627774720191702,35,0.7064753355411924,0.4436978635220222,35
theta_ip,global,FCTR_MEAN_global,FCTR,mean,31,0.7599861844143305,54,0.3400365915676566,0.41994959284667394,36
decomp_depth_efolding,global,FCTR_MEAN_global,FCTR,mean,78,0.1255097353743437,44,0.5049948409169716,0.3794851055426278,37
lmrhd,global,FCTR_MEAN_global,FCTR,mean,105,0.0484637841030846,48,0.4120749254936484,0.3636111413905638,38
wind_snowcompact_fact,global,FCTR_MEAN_global,FCTR,mean,42,0.370589341668758,142,0.0213340858895492,0.3492552557792088,39
k_nitr_max_perday,global,FCTR_MEAN_global,FCTR,mean,60,0.2409219002406359,43,0.5836210571484202,0.3426991569077843,40
tpu25ratio,global,FCTR_MEAN_global,FCTR,mean,10,2.1615827802639487,18,1.824607581032371,0.3369751992315777,41
rf_s2s1_bgc,global,FCTR_MEAN_global,FCTR,mean,44,0.3577428544348286,141,0.0227588021800251,0.33498405225480354,42
accum_factor,global,FCTR_MEAN_global,FCTR,mean,43,0.3630616606563599,128,0.0355460557027882,0.32751560495357174,43
tpuhd,global,FCTR_MEAN_global,FCTR,mean,100,0.0516507443429645,51,0.3771512040260383,0.3255004596830738,44
cn_s3_bgc,global,FCTR_MEAN_global,FCTR,mean,45,0.3484100797790361,129,0.0337849723901086,0.3146251073889275,45
fd_pft,global,FCTR_MEAN_global,FCTR,mean,46,0.3433637136590093,37,0.6552481699924755,0.3118844563334662,46
fsr_pft,global,FCTR_MEAN_global,FCTR,mean,47,0.3425722629258168,38,0.6539984463709558,0.31142618344513906,47
tpuha,global,FCTR_MEAN_global,FCTR,mean,37,0.4808918630235546,33,0.7798504795125893,0.29895861648903477,48
aq_sp_yield_min,global,FCTR_MEAN_global,FCTR,mean,48,0.3402204507418247,115,0.042496300961865,0.2977241497799597,49
lai_dl,global,FCTR_MEAN_global,FCTR,mean,49,0.3395896975470798,113,0.0450586989717542,0.2945309985753256,50
a_exp,global,FCTR_MEAN_global,FCTR,mean,50,0.3324516796698447,116,0.0420123629852824,0.2904393166845623,51
a_coef,global,FCTR_MEAN_global,FCTR,mean,51,0.3299352510847058,121,0.0402921976957983,0.2896430533889075,52
pc,global,FCTR_MEAN_global,FCTR,mean,52,0.324839277933787,119,0.0406141494819394,0.28422512845184755,53
vcmaxha,global,FCTR_MEAN_global,FCTR,mean,27,0.8644579338507086,40,0.6225213649253618,0.24193656892534676,54
kc25_coef,global,FCTR_MEAN_global,FCTR,mean,57,0.2672118810358519,118,0.0410805420756261,0.2261313389602258,55
clay_pf,global,FCTR_MEAN_global,FCTR,mean,128,0.0242270220211153,66,0.2388678452275989,0.21464082320648362,56
z0mr,global,FCTR_MEAN_global,FCTR,mean,126,0.0257666650408587,67,0.2273188634228233,0.2015521983819646,57
vcmaxse_sf,global,FCTR_MEAN_global,FCTR,mean,26,0.887463135193105,27,1.0840133222144177,0.19655018702131266,58
n_baseflow,global,FCTR_MEAN_global,FCTR,mean,56,0.2703492125566136,95,0.0785769970368406,0.191772215519773,59
ck,global,FCTR_MEAN_global,FCTR,mean,137,0.0142796860499991,70,0.203438699056651,0.1891590130066519,60
kc_nonmyc,global,FCTR_MEAN_global,FCTR,mean,81,0.1183674546551181,59,0.2934247517505923,0.17505729709547418,61
maxpsi_hr,global,FCTR_MEAN_global,FCTR,mean,34,0.6083238512208773,47,0.4413138950886832,0.1670099561321941,62
vcmaxhd,global,FCTR_MEAN_global,FCTR,mean,19,1.240976603605148,23,1.3908550368597616,0.1498784332546137,63
minpsi_hr,global,FCTR_MEAN_global,FCTR,mean,64,0.2089800548703522,53,0.3547588104555288,0.1457787555851766,64
ko25_coef,global,FCTR_MEAN_global,FCTR,mean,69,0.1720899903317629,133,0.0309692077122605,0.1411207826195024,65
ufuel,global,FCTR_MEAN_global,FCTR,mean,79,0.1208961123464931,63,0.2573688964840173,0.13647278413752417,66
q10_mr,global,FCTR_MEAN_global,FCTR,mean,53,0.3100761125977946,46,0.445949305191057,0.13587319259326242,67
tau_l2_l3,global,FCTR_MEAN_global,FCTR,mean,72,0.1680929039995184,58,0.3008549438353896,0.13276203983587118,68
zbedrock_sf,global,FCTR_MEAN_global,FCTR,mean,70,0.1712667078515544,57,0.3030285891432243,0.13176188129166988,69
pot_hmn_ign_counts_alpha,global,FCTR_MEAN_global,FCTR,mean,80,0.1185684074692119,65,0.2437181385739002,0.1251497311046883,70
tau_s1,global,FCTR_MEAN_global,FCTR,mean,87,0.0943908990685855,68,0.2153702541046378,0.12097935503605231,71
denitrif_respiration_coefficient,global,FCTR_MEAN_global,FCTR,mean,103,0.0500826805023422,76,0.1693083449327446,0.1192256644304024,72
rh_low,global,FCTR_MEAN_global,FCTR,mean,89,0.0932583924520003,69,0.2043064674958508,0.1110480750438505,73
prh30,global,FCTR_MEAN_global,FCTR,mean,76,0.1424443958921273,131,0.0319480579252875,0.11049633796683979,74
zlnd,global,FCTR_MEAN_global,FCTR,mean,90,0.0807060277674658,73,0.1907836415256589,0.11007761375819311,75
r_mort,global,FCTR_MEAN_global,FCTR,mean,65,0.1940338939362078,60,0.2913771977924213,0.09734330385621354,76
om_frac_sf,global,FCTR_MEAN_global,FCTR,mean,71,0.169599080040097,62,0.2660997298085235,0.09650064976842648,77
xl,global,FCTR_MEAN_global,FCTR,mean,68,0.1827248980949924,90,0.0866939840981331,0.0960309139968593,78
cc_other,global,FCTR_MEAN_global,FCTR,mean,93,0.0707675659259585,77,0.1659210793569272,0.09515351343096871,79
denitrif_nitrateconc_exponent,global,FCTR_MEAN_global,FCTR,mean,127,0.024752881728542,81,0.114590394643347,0.089837512914805,80
jmax25top_sf,global,FCTR_MEAN_global,FCTR,mean,66,0.1844390567063953,88,0.0947288325145514,0.0897102241918439,81
theta_psii,global,FCTR_MEAN_global,FCTR,mean,35,0.5704993130210667,36,0.6590397991492303,0.08854048612816356,82
flivewd,global,FCTR_MEAN_global,FCTR,mean,85,0.099620892331302,147,0.0174685153681757,0.0821523769631263,83
rf_l2s1_bgc,global,FCTR_MEAN_global,FCTR,mean,158,0.0065090155228375,92,0.0848934344503256,0.0783844189274881,84
rootprof_beta,global,FCTR_MEAN_global,FCTR,mean,40,0.3798881940048915,45,0.4549467570305658,0.07505856302567432,85
tau_cwd,global,FCTR_MEAN_global,FCTR,mean,131,0.021927377936084,89,0.0939698891444464,0.0720425112083624,86
rh_hgh,global,FCTR_MEAN_global,FCTR,mean,110,0.0453933457035802,82,0.1143928286441564,0.0689994829405762,87
displar,global,FCTR_MEAN_global,FCTR,mean,84,0.101011999987687,126,0.0358524695750155,0.0651595304126715,88
rholvis,global,FCTR_MEAN_global,FCTR,mean,38,0.4456808613991114,50,0.3825400294345265,0.06314083196458492,89
tau_l1,global,FCTR_MEAN_global,FCTR,mean,101,0.0511759412303689,83,0.1089491713510781,0.057773230120709194,90
csoilc,global,FCTR_MEAN_global,FCTR,mean,59,0.2566467988890508,71,0.200629824658673,0.0560169742303778,91
lmrse,global,FCTR_MEAN_global,FCTR,mean,77,0.1316332037200247,96,0.0782054152283393,0.053427788491685405,92
baseflow_scalar,global,FCTR_MEAN_global,FCTR,mean,54,0.3024796491901362,52,0.3557519441167862,0.05327229492664998,93
fnps,global,FCTR_MEAN_global,FCTR,mean,30,0.7606484410970147,32,0.8130101395964182,0.05236169849940353,94
cc_dstem,global,FCTR_MEAN_global,FCTR,mean,116,0.0313714709241992,93,0.0801906409545445,0.048819170030345305,95
rhosvis,global,FCTR_MEAN_global,FCTR,mean,173,0.0028661317402516,111,0.0511466812439778,0.048280549503726206,96
ndays_on,global,FCTR_MEAN_global,FCTR,mean,98,0.0581068560393518,85,0.1050663962061335,0.04695954016678171,97
kp25ratio,global,FCTR_MEAN_global,FCTR,mean,140,0.0125942134287662,103,0.0579429245994163,0.045348711170650105,98
FUN_fracfixers,global,FCTR_MEAN_global,FCTR,mean,12,2.038477138409732,16,2.0836593990962804,0.0451822606865484,99
relhExp,global,FCTR_MEAN_global,FCTR,mean,82,0.1171455589350749,78,0.1606534116164333,0.043507852681358386,100
br_root,global,FCTR_MEAN_global,FCTR,mean,83,0.105215107477786,79,0.1479016191302271,0.0426865116524411,101
slopebeta,global,FCTR_MEAN_global,FCTR,mean,139,0.0130109351675962,105,0.0548925348192028,0.0418815996516066,102
dleaf,global,FCTR_MEAN_global,FCTR,mean,20,1.0996654056206765,28,1.058157907154044,0.0415074984666326,103
kcha,global,FCTR_MEAN_global,FCTR,mean,21,1.0722297144324138,26,1.1137370407503582,0.041507326317944404,104
lfuel,global,FCTR_MEAN_global,FCTR,mean,136,0.0145472412222922,104,0.0550834633265004,0.0405362221042082,105
taulvis,global,FCTR_MEAN_global,FCTR,mean,61,0.2399981033770295,72,0.19977753998009,0.040220563396939496,106
zsno,global,FCTR_MEAN_global,FCTR,mean,96,0.064624486293642,137,0.0267373906980559,0.03788709559558609,107
ignition_efficiency,global,FCTR_MEAN_global,FCTR,mean,106,0.047510536583541,91,0.0853614516371017,0.037850915053560696,108
cmb_cmplt_fact_litter,global,FCTR_MEAN_global,FCTR,mean,122,0.0266810822415024,98,0.0643449083698008,0.0376638261282984,109
croot_stem,global,FCTR_MEAN_global,FCTR,mean,118,0.0300169848869416,97,0.0672238559774456,0.037206871090503996,110
enzyme_turnover_daily,global,FCTR_MEAN_global,FCTR,mean,129,0.0241869346907144,102,0.0609311063358219,0.0367441716451075,111
rholnir,global,FCTR_MEAN_global,FCTR,mean,55,0.2905778081625136,55,0.3271883434922173,0.03661053532970371,112
denitrif_respiration_exponent,global,FCTR_MEAN_global,FCTR,mean,133,0.0167917680404734,109,0.0524829344053188,0.0356911663648454,113
denitrif_nitrateconc_coefficient,global,FCTR_MEAN_global,FCTR,mean,154,0.0080939742939349,117,0.0412675856348059,0.033173611340871,114
ndays_off,global,FCTR_MEAN_global,FCTR,mean,95,0.0650518155766555,87,0.0956831657836012,0.0306313502069457,115
upplim_destruct_metamorph,global,FCTR_MEAN_global,FCTR,mean,73,0.1569551511627445,74,0.1856727038146211,0.028717552651876588,116
slopemax,global,FCTR_MEAN_global,FCTR,mean,124,0.0263630519782758,107,0.0542714336245033,0.027908381646227498,117
ekn_active,global,FCTR_MEAN_global,FCTR,mean,141,0.0123308881435484,124,0.0385597405885604,0.026228852445011996,118
lwtop_ann,global,FCTR_MEAN_global,FCTR,mean,113,0.0362117795512197,101,0.0616982403676154,0.025486460816395697,119
koha,global,FCTR_MEAN_global,FCTR,mean,75,0.1456727988041066,80,0.120559501242198,0.02511329756190861,120
tau_s2,global,FCTR_MEAN_global,FCTR,mean,97,0.060673563734042,127,0.0356324737511926,0.0250410899828494,121
cc_leaf,global,FCTR_MEAN_global,FCTR,mean,117,0.0305909686268037,106,0.0545354657629744,0.0239444971361707,122
e_ice,global,FCTR_MEAN_global,FCTR,mean,149,0.0094861408970494,132,0.0310511451311015,0.0215650042340521,123
wood_density,global,FCTR_MEAN_global,FCTR,mean,151,0.0085718600573052,135,0.0293320257244715,0.020760165667166302,124
freelivfix_intercept,global,FCTR_MEAN_global,FCTR,mean,145,0.0119381697941314,130,0.0321164654278653,0.020178295633733905,125
taulnir,global,FCTR_MEAN_global,FCTR,mean,41,0.3712697921095973,49,0.3913780561324671,0.020108264022869804,126
snow_canopy_storage_scalar,global,FCTR_MEAN_global,FCTR,mean,172,0.0031758997486264,143,0.0211335648155355,0.0179576650669091,127
tausvis,global,FCTR_MEAN_global,FCTR,mean,179,0.0013464154639102,145,0.0185113479536092,0.017164932489699,128
snw_rds_refrz,global,FCTR_MEAN_global,FCTR,mean,109,0.045595347681445,100,0.0627331099494732,0.017137762268028205,129
br_mr,global,FCTR_MEAN_global,FCTR,mean,112,0.0371018503728386,108,0.0539243512337286,0.016822500860890002,130
fun_cn_flex_a,global,FCTR_MEAN_global,FCTR,mean,120,0.0281573922315487,120,0.0405247411978564,0.0123673489663077,131
minrelh,global,FCTR_MEAN_global,FCTR,mean,102,0.0510533383572386,99,0.0634014143855594,0.012348076028320797,132
akc_active,global,FCTR_MEAN_global,FCTR,mean,143,0.0122767144633613,139,0.024059206722395,0.011782492259033701,133
fun_cn_flex_b,global,FCTR_MEAN_global,FCTR,mean,86,0.0954015760132627,84,0.1070438187108493,0.011642242697586597,134
csol_sand,global,FCTR_MEAN_global,FCTR,mean,167,0.0033558191655629,151,0.0148783914944097,0.0115225723288468,135
luna_theta_cj,global,FCTR_MEAN_global,FCTR,mean,176,0.0019523321360672,154,0.0134259054962626,0.0114735733601954,136
xdrdt,global,FCTR_MEAN_global,FCTR,mean,123,0.0266733294091459,125,0.037299378275847,0.010626048866701099,137
tausnir,global,FCTR_MEAN_global,FCTR,mean,184,0.0008324492231857,158,0.0109854630046299,0.0101530137814442,138
n_melt_coef,global,FCTR_MEAN_global,FCTR,mean,182,0.0009078652329286,160,0.0105208276530177,0.0096129624200891,139
fm_droot,global,FCTR_MEAN_global,FCTR,mean,157,0.0077936635615891,148,0.0170419221515167,0.009248258589927599,140
fun_cn_flex_c,global,FCTR_MEAN_global,FCTR,mean,104,0.0490184147600061,122,0.0399606383077824,0.0090577764522237,141
akn_active,global,FCTR_MEAN_global,FCTR,mean,115,0.032669310446888,140,0.0239736901589147,0.008695620287973299,142
tkd_om,global,FCTR_MEAN_global,FCTR,mean,186,0.000580592792847,162,0.0092638146148154,0.008683221821968401,143
zetamaxstable,global,FCTR_MEAN_global,FCTR,mean,152,0.0085301414857923,149,0.0169301333549718,0.008399991869179498,144
cryoturb_diffusion_k,global,FCTR_MEAN_global,FCTR,mean,132,0.021869615255543,153,0.0139066149524431,0.007963000303099899,145
z_dl,global,FCTR_MEAN_global,FCTR,mean,159,0.0059140206295573,156,0.0132575614001879,0.007343540770630599,146
tkd_clay,global,FCTR_MEAN_global,FCTR,mean,156,0.0079464339187076,181,0.0010195945194588,0.0069268393992488,147
rf_s3s1_bgc,global,FCTR_MEAN_global,FCTR,mean,178,0.0018261295113859,164,0.0081113191946649,0.006285189683278999,148
snowcan_unload_temp_fact,global,FCTR_MEAN_global,FCTR,mean,144,0.0121757408576357,146,0.018295832938584,0.006120092080948301,149
som_diffus,global,FCTR_MEAN_global,FCTR,mean,99,0.0563322954837275,112,0.0502838306885813,0.006048464795146202,150
cmb_cmplt_fact_cwd,global,FCTR_MEAN_global,FCTR,mean,138,0.0132695611340842,165,0.0073351860904047,0.0059343750436795,151
tau_s3,global,FCTR_MEAN_global,FCTR,mean,108,0.0464217937834625,110,0.0519336628191062,0.005511869035643699,152
wind_min,global,FCTR_MEAN_global,FCTR,mean,135,0.0146989292415931,144,0.0200360089121254,0.005337079670532301,153
FR,global,FCTR_MEAN_global,FCTR,mean,114,0.0341859204331527,123,0.0390511799140327,0.004865259480879999,154
csol_om,global,FCTR_MEAN_global,FCTR,mean,188,0.0002804666725779,169,0.0044457761123766,0.0041653094397987,155
rf_l3s2_bgc,global,FCTR_MEAN_global,FCTR,mean,111,0.0395681932621556,114,0.0435973391305992,0.0040291458684436,156
ekc_active,global,FCTR_MEAN_global,FCTR,mean,150,0.0093083107292457,167,0.0052920676810543,0.004016243048191401,157
eta0_vionnet,global,FCTR_MEAN_global,FCTR,mean,160,0.0055993872834498,177,0.0019621677902428,0.003637219493207,158
csol_clay,global,FCTR_MEAN_global,FCTR,mean,183,0.0008734841979425,170,0.0041334970264053,0.0032600128284627997,159
mu,global,FCTR_MEAN_global,FCTR,mean,168,0.0033346065658399,191,0.0001162153116034,0.0032183912542365,160
fm_lstem,global,FCTR_MEAN_global,FCTR,mean,192,5.459928087603316e-05,174,0.0032290836039088,0.0031744843230327668,161
tkd_sand,global,FCTR_MEAN_global,FCTR,mean,147,0.0112844539001955,152,0.0143965920560873,0.0031121381558918,162
tkm_om,global,FCTR_MEAN_global,FCTR,mean,163,0.0039028948497978,184,0.0008308920217778,0.0030720028280199997,163
fm_root,global,FCTR_MEAN_global,FCTR,mean,164,0.0038842279690918,183,0.0008654182488747,0.0030188097202171,164
fm_other,global,FCTR_MEAN_global,FCTR,mean,134,0.016342095084493,155,0.0133802279485308,0.0029618671359622,165
ceta,global,FCTR_MEAN_global,FCTR,mean,177,0.0018903860402978,168,0.0048507306047973,0.0029603445644995003,166
C2_liq_Brun89,global,FCTR_MEAN_global,FCTR,mean,165,0.0037728589328089,182,0.0009976741163413,0.0027751848164676,167
wimp,global,FCTR_MEAN_global,FCTR,mean,162,0.0040093714087383,179,0.0012458787630436,0.0027634926456946993,168
pd,global,FCTR_MEAN_global,FCTR,mean,170,0.0032710778543751,187,0.0005445516431734,0.0027265262112017,169
drift_gs,global,FCTR_MEAN_global,FCTR,mean,169,0.0032811278605109,186,0.0006637440398726,0.0026173838206383,170
rhosnir,global,FCTR_MEAN_global,FCTR,mean,121,0.0279276757763859,138,0.0254770057171782,0.0024506700592077,171
rf_s2s3_bgc,global,FCTR_MEAN_global,FCTR,mean,142,0.0122995012941728,161,0.010366891645301,0.0019326096488718,172
max_altdepth_cryoturbation,global,FCTR_MEAN_global,FCTR,mean,161,0.0051277496820389,172,0.0034452642717468,0.0016824854102921003,173
rstem,global,FCTR_MEAN_global,FCTR,mean,91,0.0780228278583834,94,0.0797038969541468,0.0016810690957634045,174
rho_max,global,FCTR_MEAN_global,FCTR,mean,155,0.0079580706647561,166,0.0063825888568516,0.0015754818079045003,175
LF,global,FCTR_MEAN_global,FCTR,mean,125,0.0261476489425831,136,0.0275397528411573,0.0013921038985741999,176
ssi,global,FCTR_MEAN_global,FCTR,mean,174,0.0023386832458882,171,0.0037128199733018,0.0013741367274136,177
CWD,global,FCTR_MEAN_global,FCTR,mean,187,0.0003735268604074,178,0.0017212841826577,0.0013477573222503,178
scvng_fct_mlt_sf,global,FCTR_MEAN_global,FCTR,mean,180,0.0013227479742816,192,5.462742857176295e-05,0.001268120545709837,179
cropfire_a1,global,FCTR_MEAN_global,FCTR,mean,171,0.0032534555083074,175,0.0021608085239037,0.0010926469844036997,180
tau_ref,global,FCTR_MEAN_global,FCTR,mean,175,0.0022103943927689,180,0.0011871345699354,0.0010232598228335,181
occur_hi_gdp_tree,global,FCTR_MEAN_global,FCTR,mean,181,0.0012712018366549,176,0.0020313496313164,0.0007601477946615001,182
rf_l1s1_bgc,global,FCTR_MEAN_global,FCTR,mean,119,0.0299224349507518,134,0.0306263129690336,0.0007038780182817977,183
Q10,global,FCTR_MEAN_global,FCTR,mean,189,0.0001148203084824,185,0.0007747494914909,0.0006599291830085,184
snowcan_unload_wind_fact,global,FCTR_MEAN_global,FCTR,mean,153,0.008214934546789,163,0.0088626850869282,0.0006477505401391997,185
medlynslope,global,FCTR_MEAN_global,FCTR,mean,2,7.994991163982945,2,7.995631383290629,0.0006402193076837648,186
fm_leaf,global,FCTR_MEAN_global,FCTR,mean,146,0.0115531797798311,157,0.0121554613780681,0.0006022815982370013,187
fm_lroot,global,FCTR_MEAN_global,FCTR,mean,185,0.0007991824398878,189,0.0002053936682244,0.0005937887716634,188
boreal_peatfire_c,global,FCTR_MEAN_global,FCTR,mean,190,6.012493625107141e-05,188,0.0005196500015536,0.0004595250653025286,189
fbw,global,FCTR_MEAN_global,FCTR,mean,148,0.0106477447602344,159,0.0105260199169663,0.00012172484326809958,190
non_boreal_peatfire_c,global,FCTR_MEAN_global,FCTR,mean,191,5.983185053182183e-05,190,0.0001737281963727,0.00011389634584087817,191
cc_lstem,global,FCTR_MEAN_global,FCTR,mean,166,0.0033978595945072,173,0.0032859816888759,0.00011187790563130023,192
max_altmultiplier_cryoturb,global,FCTR_MEAN_global,FCTR,mean,193,0.0,193,0.0,0.0,193
